-- ============================================================================
-- 护肤品库存管理数据库 — 示例数据
-- ============================================================================

-- ============================================================================
-- 1. 产品分类（护肤品类目树）
-- ============================================================================
INSERT INTO product_categories (id, parent_id, name, code, sort_order, description) VALUES
(1,  0,  '护肤品',     'ROOT',       0, '根分类'),
(10, 1,  '清洁',       'CLEANSER',   1, '洁面、卸妆类产品'),
(11, 10, '洁面乳',     'FOAM_CLEAN', 1, '泡沫/乳状洁面'),
(12, 10, '卸妆',       'REMOVER',    2, '卸妆油/水/膏'),
(20, 1,  '化妆水',     'TONER',      2, '爽肤水/柔肤水/精华水'),
(30, 1,  '精华',       'SERUM',      3, '精华液/精华露/安瓶'),
(40, 1,  '乳液',       'LOTION',     4, '乳液/面霜类'),
(50, 1,  '面霜',       'CREAM',      5, '日霜/晚霜'),
(51, 50, '日霜',       'DAY_CREAM',  1, '日间面霜'),
(52, 50, '晚霜',       'NIGHT_CREAM',2, '夜间修护面霜'),
(60, 1,  '眼霜',       'EYE_CREAM',  6, '眼霜/眼部精华'),
(70, 1,  '防晒',       'SUNSCREEN',  7, '防晒霜/防晒喷雾'),
(80, 1,  '面膜',       'MASK',       8, '面膜类产品'),
(81, 80, '片状面膜',   'SHEET_MASK', 1, '贴片式面膜'),
(82, 80, '涂抹面膜',   'CREAM_MASK', 2, '涂抹式/睡眠面膜'),
(90, 1,  '身体护理',   'BODY_CARE',  9, '身体乳/护手霜'),
(100,1,  '唇部护理',   'LIP_CARE',   10,'唇膏/唇膜'),
(110,1,  '套装',       'GIFT_SET',   11,'套装礼盒'),
(120,1,  '小样',       'SAMPLE',     12,'试用装/旅行装');

-- ============================================================================
-- 2. 品牌
-- ============================================================================
INSERT INTO brands (id, name, name_en, country, description) VALUES
(1, '兰蔻',    'Lancome',    '法国', '法国高端护肤品牌，主打抗老修护'),
(2, '资生堂',  'Shiseido',   '日本', '日本百年护肤品牌，科技护肤'),
(3, '薇诺娜',  'Winona',     '中国', '中国敏感肌护肤品牌，专注屏障修护'),
(4, '修丽可',  'SkinCeuticals','美国','专业抗氧化护肤品牌'),
(5, '理肤泉',  'La Roche-Posay','法国','药妆品牌，适合敏感肌');

-- ============================================================================
-- 3. 供应商
-- ============================================================================
INSERT INTO suppliers (id, name, contact_person, contact_phone, contact_email) VALUES
(1, '欧莱雅（中国）有限公司',     '张经理', '13800001001', 'zhang@loreal.cn'),
(2, '资生堂（中国）投资有限公司', '李经理', '13800001002', 'li@shiseido.cn'),
(3, '云南贝泰妮生物科技集团',     '王经理', '13800001003', 'wang@winona.cn'),
(4, '欧莱雅活性健康化妆品部',     '赵经理', '13800001004', 'zhao@loreal-active.cn');

-- ============================================================================
-- 4. 仓库与库位
-- ============================================================================
INSERT INTO warehouses (id, name, code, address, warehouse_type) VALUES
(1, '上海总仓', 'SH-MAIN', '上海市嘉定区XX路100号', 'NORMAL'),
(2, '广州分仓', 'GZ-BRANCH','广州市白云区XX路200号', 'NORMAL'),
(3, '冷藏仓',   'COLD-01',  '上海市浦东新区XX路50号', 'COLD');

INSERT INTO storage_locations (id, warehouse_id, location_code, location_type) VALUES
(1, 1, 'A-01-01', 'SHELF'), (2, 1, 'A-01-02', 'SHELF'), (3, 1, 'A-02-01', 'SHELF'),
(4, 1, 'B-01-01', 'FLOOR'), (5, 1, 'B-01-02', 'FLOOR'),
(6, 2, 'A-01-01', 'SHELF'), (7, 2, 'A-01-02', 'SHELF'),
(8, 3, 'C-01-01', 'COLD'),  (9, 3, 'C-01-02', 'COLD');

-- ============================================================================
-- 5. 存储条件
-- ============================================================================
INSERT INTO storage_conditions (id, name, temp_min_c, temp_max_c, humidity_min_pct, humidity_max_pct, avoid_light, avoid_odor) VALUES
(1, '常温避光',      15, 25, 30, 70, 1, 0),
(2, '冷藏2-8℃',     2,  8,  30, 70, 1, 0),
(3, '阴凉干燥',      10, 20, 30, 60, 1, 1),
(4, '常温即可',      5,  35, 20, 80, 0, 0);

-- ============================================================================
-- 6. 产品
-- ============================================================================
INSERT INTO products (id, product_code, category_id, brand_id, name, sub_title, skin_type, efficacy_tags, shelf_life_days) VALUES
(1,  'PROD-0001', 11,  1, '兰蔻净澈焕肤洁面乳',       '极光洁面',   'ALL',       '清洁,控油,提亮',      1095),
(2,  'PROD-0002', 20,  1, '兰蔻极光精华水',             '极光水',     'COMBO',     '保湿,焕肤,提亮',      1095),
(3,  'PROD-0003', 30,  4, '修丽可CE抗氧化精华',         'CE精华',     'ALL',       '抗氧化,抗老,提亮',    730),
(4,  'PROD-0004', 52,  1, '兰蔻菁纯晚霜',               '菁纯晚霜',   'DRY',       '抗老,修复,滋润',       1095),
(5,  'PROD-0005', 60,  2, '资生堂盼丽风姿眼霜',         '小雷达眼霜', 'ALL',       '抗皱,紧致,保湿',       1095),
(6,  'PROD-0006', 70,  5, '理肤泉大哥大防晒',           '防晒乳',     'ALL',       '防晒,隔离,清爽',       1095),
(7,  'PROD-0007', 81,  3, '薇诺娜舒护修敏保湿面膜',      '舒敏面膜',   'SENSITIVE', '舒敏,保湿,修复',      730),
(8,  'PROD-0008', 110, 1, '兰蔻明星护肤三件套',          '明星套装',   'COMBO',     '保湿,抗老,修护',       1095),
(9,  'PROD-0009', 51,  2, '资生堂悦薇珀翡焕活日霜',     '悦薇日霜',   'COMBO',     '保湿,抗老,提亮',       1095),
(10, 'PROD-0010', 12,  5, '理肤泉眼唇卸妆液',            '卸妆液',     'SENSITIVE', '卸妆,温和,不刺激',    1095);

-- ============================================================================
-- 7. 产品SKU
-- ============================================================================
INSERT INTO product_skus (id, product_id, sku_code, barcode, spec_name, capacity_ml, capacity_g, cost_price, wholesale_price, retail_price, min_stock_qty, max_stock_qty, weight_kg) VALUES
(1,  1,  'LC-CL-125ML',   '3147750177109', '125ml',  125, 0,  85.00,  150.00,  220.00,  20,  500, 0.18),
(2,  2,  'LC-TN-150ML',   '3147750177208', '150ml',  150, 0,  180.00, 320.00,  480.00,  15,  300, 0.22),
(3,  2,  'LC-TN-250ML',   '3147750177307', '250ml',  250, 0,  260.00, 460.00,  690.00,  10,  200, 0.35),
(4,  3,  'SC-CE-30ML',    '3606000523106', '30ml',   30,  0,  350.00, 600.00,  980.00,  10,  200, 0.08),
(5,  3,  'SC-CE-55ML',    '3606000523205', '55ml',   55,  0,  550.00, 950.00,  1580.00, 8,   150, 0.12),
(6,  4,  'LC-CR-50ML',    '3147750177406', '50ml',   0,   50, 420.00, 720.00,  1180.00, 10,  200, 0.25),
(7,  5,  'SH-EC-15ML',    '4987176008105', '15ml',   0,   15, 180.00, 310.00,  480.00,  10,  200, 0.06),
(8,  6,  'LR-SS-50ML',    '3337872410017', '50ml',   50,  0,  45.00,  85.00,   159.00,  30,  800, 0.10),
(9,  7,  'WN-MS-5PCS',    '6971234560010', '5片/盒',  0,  125, 25.00,  45.00,   79.00,   50,  1000,0.15),
(10, 8,  'LC-GS-3PC',     '3147750177505', '洁面125ml+水150ml+霜50ml', 0, 0, 450.00, 780.00, 1280.00, 5, 100, 0.65),
(11, 9,  'SH-DC-50ML',    '4987176008204', '50ml',   0,   50, 220.00, 380.00,  580.00,  10,  200, 0.25),
(12, 10, 'LR-RM-125ML',   '3337872410024', '125ml',  125, 0,  38.00,  68.00,   109.00,  20,  500, 0.18);

-- ============================================================================
-- 8. 套装组合BOM
-- ============================================================================
INSERT INTO bundle_items (bundle_sku_id, item_sku_id, quantity) VALUES
(10, 1, 1),   -- 套装含洁面125ml x1
(10, 2, 1),   -- 套装含水150ml x1
(10, 6, 1);   -- 套装含霜50ml x1

-- ============================================================================
-- 9. 批次
-- ============================================================================
INSERT INTO product_batches (id, sku_id, supplier_id, batch_no, production_date, expiry_date, storage_cond_id, status) VALUES
-- 兰蔻洁面 (sku_id=1)
(1,  1,  1, 'LC241201',    '2024-12-01', '2027-12-01', 1, 'NORMAL'),
(2,  1,  1, 'LC250301',    '2025-03-01', '2028-03-01', 1, 'NORMAL'),
-- 兰蔻极光水150ml (sku_id=2)
(3,  2,  1, 'LC241015',    '2024-10-15', '2027-10-15', 1, 'NORMAL'),
(4,  2,  1, 'LC250120',    '2025-01-20', '2028-01-20', 1, 'NORMAL'),
-- 修丽可CE精华30ml (sku_id=4)
(5,  4,  4, 'SC240901',    '2024-09-01', '2026-09-01', 2, 'NEAR_EXPIRY'),  -- 即将到期
(6,  4,  4, 'SC250201',    '2025-02-01', '2027-02-01', 2, 'NORMAL'),
-- 理肤泉防晒50ml (sku_id=8)
(7,  8,  4, 'LR250301',    '2025-03-01', '2028-03-01', 4, 'NORMAL'),
-- 薇诺娜面膜 (sku_id=9)
(8,  9,  3, 'WN250101',    '2025-01-01', '2027-01-01', 1, 'NORMAL'),
-- 兰蔻菁纯晚霜 (sku_id=6)
(9,  6,  1, 'LC241101',    '2024-11-01', '2027-11-01', 1, 'NORMAL'),
-- 资生堂眼霜 (sku_id=7)
(10, 7,  2, 'SH250201',    '2025-02-01', '2028-02-01', 1, 'NORMAL'),
-- 资生堂日霜 (sku_id=11)
(11, 11, 2, 'SH250101',    '2025-01-01', '2028-01-01', 1, 'NORMAL'),
-- 理肤泉卸妆液 (sku_id=12)
(12, 12, 4, 'LR250201',    '2025-02-01', '2028-02-01', 4, 'NORMAL'),
-- 兰蔻套装 (sku_id=10)
(13, 10, 1, 'LC241201-SET','2024-12-01', '2027-12-01', 1, 'NORMAL');

-- ============================================================================
-- 10. 库存
-- ============================================================================
INSERT INTO inventory (sku_id, batch_id, warehouse_id, location_id, quantity, locked_quantity) VALUES
-- 上海总仓 (warehouse_id=1)
(1,  1,  1, 1, 50,  5),
(1,  2,  1, 1, 120, 0),
(2,  3,  1, 2, 30,  3),
(2,  4,  1, 2, 80,  0),
(4,  5,  1, 3, 8,   0),
(4,  6,  1, 3, 45,  0),
(6,  9,  1, 1, 25,  2),
(7,  10, 1, 2, 18,  0),
(8,  7,  1, 4, 200, 10),
(9,  8,  1, 5, 500, 20),
(10, 13, 1, 5, 30,  5),
(11, 11, 1, 2, 22,  0),
(12, 12, 1, 1, 80,  0),
-- 广州分仓 (warehouse_id=2)
(1,  2,  2, 6, 60,  0),
(8,  7,  2, 7, 100, 0),
(9,  8,  2, 7, 200, 0);

-- ============================================================================
-- 11. 入库单
-- ============================================================================
INSERT INTO inbound_orders (id, order_no, warehouse_id, supplier_id, inbound_type, status, total_amount, operator, confirmed_at, completed_at) VALUES
(1, 'IN-2025-0501-001', 1, 1, 'PURCHASE', 'COMPLETED', 45600.00, '张操作', '2025-05-01 09:00:00', '2025-05-01 14:00:00'),
(2, 'IN-2025-0515-001', 1, 4, 'PURCHASE', 'COMPLETED', 18300.00, '张操作', '2025-05-15 10:00:00', '2025-05-15 15:00:00'),
(3, 'IN-2025-0520-001', 2, 3, 'PURCHASE', 'CONFIRMED', 5200.00,  '李操作', '2025-05-20 11:00:00', NULL);

INSERT INTO inbound_order_items (order_id, sku_id, batch_id, location_id, quantity, unit_price, amount) VALUES
-- 入库单1: 兰蔻采购
(1, 1,  2,  1, 120, 85.00,  10200.00),
(1, 2,  4,  2, 80,  180.00, 14400.00),
(1, 6,  9,  1, 30,  420.00, 12600.00),
(1, 10, 13, 5, 30,  280.00, 8400.00),
-- 入库单2: 理肤泉+修丽可采购
(2, 4,  6,  3, 45,  350.00, 15750.00),
(2, 8,  7,  4, 30,  45.00,  1350.00),
(2, 12, 12, 1, 40,  30.00,  1200.00);

-- ============================================================================
-- 12. 出库单
-- ============================================================================
INSERT INTO outbound_orders (id, order_no, warehouse_id, outbound_type, status, customer_name, order_ref, total_amount, operator, confirmed_at, completed_at) VALUES
(1, 'OUT-2025-0521-001', 1, 'SALE',  'COMPLETED', '天猫旗舰店', 'TM-20250521-0042', 3540.00, '王操作', '2025-05-21 08:00:00', '2025-05-21 10:00:00'),
(2, 'OUT-2025-0522-001', 1, 'SALE',  'PICKING',   '京东自营',   'JD-20250522-0018', 9500.00, '王操作', '2025-05-22 09:00:00', NULL);

INSERT INTO outbound_order_items (order_id, sku_id, batch_id, location_id, quantity, unit_price, amount) VALUES
-- 出库单1: 天猫订单 (FEFO: 优先拣选近效期批次 batch_id=5 修丽可CE精华)
(1, 1,  1,  1, 5, 220.00, 1100.00),
(1, 4,  5,  3, 2, 980.00, 1960.00),   -- FEFO: 临期批次(2026-09)优先于正常批次(2027-02)
(1, 7,  10, 2, 1, 480.00, 480.00),
-- 出库单2: 京东订单 (status=PICKING)
(2, 2,  3,  2, 5, 480.00, 2400.00),
(2, 4,  6,  3, 3, 1580.00,4740.00),   -- 修丽可55ml暂无库存，改为30ml正常批次
(2, 6,  9,  1, 2, 1180.00,2360.00);

-- ============================================================================
-- 13. 盘点单
-- ============================================================================
INSERT INTO inventory_checks (id, check_no, warehouse_id, check_type, status, operator, checked_at) VALUES
(1, 'CK-2025-0522-001', 1, 'PARTIAL', 'CHECKED', '张操作', '2025-05-22 14:00:00');

INSERT INTO inventory_check_items (id, check_id, sku_id, batch_id, location_id, system_qty, actual_qty, diff_reason) VALUES
(1, 1, 1,  1, 1, 45, 45, NULL),     -- 相符（50-5锁定=45）
(2, 1, 4,  5, 3, 6,  6,  NULL),     -- 相符（8-2出库=6）
(3, 1, 6,  9, 1, 25, 24, '实物破损1瓶，待报废处理');  -- 盘亏1
